<?xml version="1.0" encoding="UTF-8"?>
<root>
  <item name="com.example.yue_liang.materialavatarview.CombineAvatarView mAvatarCount">
    <annotation name="android.support.annotation.IntDef">
      <val name="value" val="{com.example.yue_liang.materialavatarview.CombineAvatarView.AVATAR_COUNT_NONE, com.example.yue_liang.materialavatarview.CombineAvatarView.AVATAR_COUNT_ONE, com.example.yue_liang.materialavatarview.CombineAvatarView.AVATAR_COUNT_TWO, com.example.yue_liang.materialavatarview.CombineAvatarView.AVATAR_COUNT_MORE}" />
    </annotation>
  </item>
  <item name="com.example.yue_liang.materialavatarview.CombineAvatarView void refreshLayout(int) 0">
    <annotation name="android.support.annotation.IntDef">
      <val name="value" val="{com.example.yue_liang.materialavatarview.CombineAvatarView.AVATAR_COUNT_NONE, com.example.yue_liang.materialavatarview.CombineAvatarView.AVATAR_COUNT_ONE, com.example.yue_liang.materialavatarview.CombineAvatarView.AVATAR_COUNT_TWO, com.example.yue_liang.materialavatarview.CombineAvatarView.AVATAR_COUNT_MORE}" />
    </annotation>
  </item>
  <item name="com.example.yue_liang.materialavatarview.CombineAvatarView void setAvatarCount(int) 0">
    <annotation name="android.support.annotation.IntDef">
      <val name="value" val="{com.example.yue_liang.materialavatarview.CombineAvatarView.AVATAR_COUNT_NONE, com.example.yue_liang.materialavatarview.CombineAvatarView.AVATAR_COUNT_ONE, com.example.yue_liang.materialavatarview.CombineAvatarView.AVATAR_COUNT_TWO, com.example.yue_liang.materialavatarview.CombineAvatarView.AVATAR_COUNT_MORE}" />
    </annotation>
  </item>
  <item name="com.example.yue_liang.materialavatarview.CombineAvatarView.Mode">
    <annotation name="android.support.annotation.IntDef">
      <val name="value" val="{com.example.yue_liang.materialavatarview.CombineAvatarView.AVATAR_COUNT_NONE, com.example.yue_liang.materialavatarview.CombineAvatarView.AVATAR_COUNT_ONE, com.example.yue_liang.materialavatarview.CombineAvatarView.AVATAR_COUNT_TWO, com.example.yue_liang.materialavatarview.CombineAvatarView.AVATAR_COUNT_MORE}" />
    </annotation>
  </item>
</root>

